old	new	ndex	en	first	last	revs
Ивизавр	Айвизавр	2	Ivysaur	2023-03-12	2025-06-07	42
Чармилион	Чармелеон	5	Charmeleon	2023-03-12	2023-03-12	4
Пиджит	Пиджеот	18	Pidgeot	2023-03-12	2025-06-07	43
Ратикэйт	Ратикейт	20	Raticate	2023-03-12	2025-06-07	43
Клефэйбл	Клефейбл	36	Clefable	2023-03-12	2025-06-07	43
Вульпикс	Валпикс	37	Vulpix	2023-03-12	2025-06-07	43
Вайлплум	Вайлплюм	45	Vileplume	2023-03-12	2025-06-07	43
Вайплюм	Вайлплюм	45	Vileplume	2025-06-07	2026-03-25	7
Мачок	Мачоук	67	Machoke	2023-03-12	2025-06-07	43
Тентакруэль	Тентакрул	73	Tentacruel	2023-03-12	2026-03-25	50
Фарфетч'д	Фарфетчд	83	Farfetch'd	2023-03-12	2025-06-07	43
Сиил	Сил	86	Seel	2023-03-12	2025-06-07	43
Шелдер	Шеллдер	90	Shellder	2023-03-12	2025-05-25	41
Хаунтер	Хонтер	93	Haunter	2023-03-12	2025-03-15	33
Дроузи	Драузи	96	Drowzee	2023-03-12	2025-06-07	43
Экзеггутор	Экзегкьютор	103	Exeggutor	2023-03-12	2025-06-07	43
Экзегкьутор	Экзегкьютор	103	Exeggutor	2025-06-07	2025-06-07	2
Кубон	Кьюбон	104	Cubone	2023-03-12	2025-06-07	43
Ликитунг	Ликитанг	108	Lickitung	2023-03-12	2025-06-07	45
Пайнсайр	Пинсир	127	Pinsir	2023-03-12	2025-03-15	33
Гаярадос	Гиарадос	130	Gyarados	2023-03-12	2025-06-07	43
Бейлиф	Бэйлиф	153	Bayleef	2023-03-12	2025-06-07	43
Фералигатр	Фералигейтор	160	Feraligatr	2023-03-12	2025-06-07	45
Ноктаул	Ноктоул	164	Noctowl	2023-03-12	2025-06-07	43
Лантарн	Лантурн	171	Lanturn	2023-03-12	2023-03-18	13
Лантёрн	Лантурн	171	Lanturn	2023-05-15	2025-06-07	30
Тогепи	Тогэпи	175	Togepi	2023-03-12	2025-06-07	43
Тогетик	Тогэтик	176	Togetic	2023-03-12	2025-06-07	43
Беллоссом	Беллосом	182	Bellossom	2023-03-12	2025-06-07	45
Судовудо	Судовуду	185	Sudowoodo	2023-03-12	2025-06-07	43
Политод	Политоед	186	Politoed	2023-03-12	2025-06-07	45
Джамплаф	Джамплафф	189	Jumpluff	2023-03-12	2025-06-07	45
Маркроу	Муркроу	198	Murkrow	2023-03-12	2025-05-25	41
Жирафариж	Жирафариг	203	Girafarig	2023-03-12	2025-06-07	43
Глайгер	Глайгар	207	Gligar	2023-03-12	2025-05-25	41
Гранбулл	Грэнбулл	210	Granbull	2023-03-12	2025-06-07	43
Скизор	Сизор	212	Scizor	2023-03-12	2025-03-12	32
Снизил	Снизел	215	Sneasel	2023-03-12	2023-03-14	5
Снизл	Снизел	215	Sneasel	2023-03-14	2025-06-07	38
Свайнаб	Свинуб	220	Swinub	2023-03-12	2025-06-07	43
Пайлосвайн	Пилосвайн	221	Piloswine	2023-03-12	2025-06-07	43
Хондаур	Хандор	228	Houndour	2023-03-12	2025-06-07	43
Хондум	Хандум	229	Houndoom	2023-03-12	2025-06-07	43
Фанпи	Фэнпи	231	Phanpy	2023-03-12	2025-06-07	45
Донфан	Донфэн	232	Donphan	2023-03-12	2025-06-07	43
Поригон2	Поригон-2	233	Porygon2	2023-03-12	2025-06-07	43
Стэнтлер	Стантлер	234	Stantler	2023-03-12	2025-06-07	43
Тирог	Тайрог	236	Tyrogue	2023-03-12	2025-05-11	37
Смучам	Смучум	238	Smoochum	2023-03-12	2025-06-07	43
Смуччум	Смучум	238	Smoochum	2025-06-07	2025-06-07	2
Райкоу	Райку	243	Raikou	2023-03-12	2025-06-07	45
Папитар	Пьюпитар	247	Pupitar	2023-03-12	2025-05-25	41
Лугия	Лугиа	249	Lugia	2023-03-12	2025-06-07	45
Хо-ох	Хо-Ох	250	Ho-Oh	2023-03-12	2025-06-07	45
Трикко	Трико	252	Treecko	2023-03-12	2025-06-07	43
Матиена	Майтиена	262	Mightyena	2023-03-12	2023-03-17	10
Сайлкун	Силкун	266	Silcoon	2023-03-12	2025-03-15	33
Ломбре	Ломбрэ	271	Lombre	2023-03-12	2025-06-07	43
Тейлоу	Тэйллоу	276	Taillow	2023-03-12	2025-06-07	43
Вайнгулл	Вингалл	278	Wingull	2023-03-12	2025-03-15	33
Ральтс	Ролтс	280	Ralts	2023-03-12	2025-06-07	43
Гардевуар	Гардевойр	282	Gardevoir	2023-03-12	2025-06-07	43
Сарскит	Сурскит	283	Surskit	2023-03-12	2025-03-15	33
Масквирэйн	Маскерейн	284	Masquerain	2023-03-12	2025-06-07	43
Брилум	Брелум	286	Breloom	2023-03-12	2025-03-12	32
Ниняск	Нинджаск	291	Ninjask	2023-03-12	2025-05-25	41
Висмур	Визмур	293	Whismur	2023-03-12	2025-06-07	43
Лоудред	Лаудред	294	Loudred	2023-03-12	2025-06-07	43
Эксплоуд	Эксплауд	295	Exploud	2023-03-12	2025-05-25	41
Носпас	Ноузпасс	299	Nosepass	2023-03-12	2025-05-25	41
Делкэтти	Делкатти	301	Delcatty	2023-10-20	2025-06-07	24
Сэбалай	Сэйблай	302	Sableye	2023-03-12	2025-04-06	36
Саблай	Сэйблай	302	Sableye	2025-05-11	2025-06-07	7
Гульпин	Гальпин	316	Gulpin	2023-03-12	2025-06-07	43
Нумел	Намел	322	Numel	2023-03-12	2025-06-07	43
Камерупт	Камерапт	323	Camerupt	2023-03-12	2023-03-14	5
Торкоал	Торкол	324	Torkoal	2023-03-12	2025-06-07	45
Трэпинч	Трапинч	328	Trapinch	2023-03-12	2025-06-07	43
Барбоач	Барбоч	339	Barboach	2023-03-12	2025-06-07	43
Кродант	Крадонт	342	Crawdaunt	2023-03-12	2025-06-07	45
Хантэйл	Хантейл	367	Huntail	2023-03-12	2025-06-07	45
Бэгон	Бейгон	371	Bagon	2023-03-12	2025-06-07	43
Белдум	Белдам	374	Beldum	2023-03-12	2025-06-07	43
Режирок	Реджирок	377	Regirock	2023-03-12	2023-03-17	11
Реджиайс	Реджайс	378	Regice	2023-03-12	2025-06-07	45
Рэйкваза	Райкваза	384	Rayquaza	2023-03-12	2025-06-07	45
Инфернэйп	Инфернейп	392	Infernape	2023-03-12	2023-03-17	11
Роузрэйд	Розрейд	407	Roserade	2023-03-12	2025-06-07	43
Крэнидос	Кранидос	408	Cranidos	2023-03-12	2025-06-07	43
Шиелдон	Шилдон	410	Shieldon	2023-03-12	2025-05-25	41
Веспиквин	Веспиквен	416	Vespiquen	2023-03-12	2025-06-07	43
Буизель	Буизел	418	Buizel	2023-03-12	2025-06-07	43
Черуби	Чераби	420	Cherubi	2023-03-12	2025-06-07	43
Эмбипом	Амбипом	424	Ambipom	2023-03-12	2025-06-07	43
Банири	Бунири	427	Buneary	2023-03-12	2025-06-07	43
Пурагли	Парагли	432	Purugly	2023-03-12	2025-06-07	43
Скантэнк	Скантанк	435	Skuntank	2023-03-12	2025-06-07	43
Майм Джуниор	Майм-Джуниор	439	Mime Jr.	2023-03-12	2025-06-07	43
Хэппини	Хаппини	440	Happiny	2023-03-12	2025-06-07	43
Спиритомб	Спиритум	442	Spiritomb	2023-03-12	2025-06-07	43
Хиппопотас	Гиппопотас	449	Hippopotas	2023-03-12	2025-06-07	43
Хиппоудон	Гипподон	450	Hippowdon	2023-03-12	2024-08-11	26
Дрэпион	Драпион	452	Drapion	2023-03-12	2025-06-07	45
Токсикрок	Токсикроук	454	Toxicroak	2023-03-12	2025-06-07	45
Луминеон	Люминеон	457	Lumineon	2023-03-12	2025-06-07	45
Мэнтайк	Мантайк	458	Mantyke	2023-03-12	2025-06-07	45
Сновер	Сноувер	459	Snover	2023-03-12	2025-06-07	43
Тангрут	Тэнгроут	465	Tangrowth	2023-03-12	2025-05-17	38
Тангроуф	Тэнгроут	465	Tangrowth	2025-05-18	2025-05-25	3
Электривайр	Элективайр	466	Electivire	2025-06-07	2026-03-25	5
Гласеон	Глейсеон	471	Glaceon	2023-03-12	2025-06-07	43
Азельф	Азелф	482	Azelf	2023-03-12	2025-06-07	45
Фион	Фиона	489	Phione	2023-03-12	2025-06-07	45
Эмбоар	Эмбор	500	Emboar	2023-03-12	2025-06-07	43
Ватчхог	Уочхог	505	Watchog	2023-03-12	2025-06-07	42
Гердиер	Хардиер	507	Herdier	2023-03-12	2025-06-07	42
Пансэйдж	Пансейдж	511	Pansage	2023-03-17	2025-06-07	33
Симисэйдж	Симисейдж	512	Simisage	2023-03-17	2025-06-07	36
Анфезант	Унфезант	521	Unfezant	2023-03-18	2025-06-07	33
Блитзл	Блитцл	522	Blitzle	2023-03-12	2025-06-07	45
Зебстрайка	Зебстрика	523	Zebstrika	2023-03-12	2025-06-07	45
Аудино	Одино	531	Audino	2023-05-15	2025-06-07	32
Тимбурр	Тимбёрр	532	Timburr	2023-03-12	2025-06-07	45
Конкелдурр	Конкельдурр	534	Conkeldurr	2023-03-12	2025-06-07	45
Конкельдар	Конкельдурр	534	Conkeldurr	2025-06-07	2026-03-25	5
Тимпол	Тимпоул	535	Tympole	2023-03-12	2025-06-07	45
Палпитоад	Палпитоуд	536	Palpitoad	2023-03-12	2025-06-07	45
Сеисмитоад	Сейсмитоуд	537	Seismitoad	2023-03-12	2025-06-07	45
Троу	Трох	538	Throh	2023-03-12	2025-06-07	45
Соук	Суок	539	Sawk	2023-03-12	2025-06-07	45
Сэндил	Сэндайл	551	Sandile	2023-03-12	2025-06-07	45
Двэббл	Двеббл	557	Dwebble	2023-03-12	2023-03-18	13
Арчен	Аркен	566	Archen	2023-03-12	2025-06-07	45
Археопс	Аркеопс	567	Archeops	2023-03-12	2025-06-07	45
Гоферита	Гофорита	575	Gothorita	2023-03-12	2025-06-07	45
Гофитель	Гофителль	576	Gothitelle	2023-03-12	2025-06-07	45
Реюниклус	Реюниклюс	579	Reuniclus	2023-03-12	2025-06-07	45
Сванна	Суанна	581	Swanna	2023-03-12	2025-06-07	45
Ваниллит	Ваниллайт	582	Vanillite	2023-03-12	2025-06-07	45
Соусбак	Сосбак	586	Sawsbuck	2023-03-18	2025-06-07	33
Эйлектрик	Электрик	603	Eelektrik	2023-03-12	2025-06-07	45
Эйлектросс	Электросс	604	Eelektross	2023-03-12	2025-06-07	45
Бихием	Бехийем	606	Beheeyem	2023-03-12	2025-06-07	45
Аксельгор	Акселгор	617	Accelgor	2023-03-12	2025-06-07	45
Меньфу	Минфу	619	Mienfoo	2023-03-12	2025-06-07	45
Меньшао	Миншао	620	Mienshao	2023-03-12	2025-06-07	45
Голурк	Голарк	623	Golurk	2023-03-12	2025-06-07	45
Поньярд	Поуниард	624	Pawniard	2023-03-12	2025-06-07	45
Брэвиари	Бревиари	628	Braviary	2023-03-12	2025-06-07	45
Вуллабай	Виллаби	629	Vullaby	2023-03-12	2025-06-07	45
Звайлос	Цвайлос	634	Zweilous	2023-03-12	2025-06-07	45
Гидрайгон	Хайдрайгон	635	Hydreigon	2023-03-12	2025-06-07	45
Виризион	Вирижион	640	Virizion	2023-03-12	2025-06-07	45
Тандерус	Тандурус	642	Thundurus	2023-03-12	2025-06-07	45
Кюрем	Курем	646	Kyurem	2023-03-12	2025-06-07	45
Кельдео	Кельдио	647	Keldeo	2023-03-12	2025-06-07	45
Генесект	Дженесект	649	Genesect	2023-03-12	2025-06-07	45
Флетчлиндер	Флетчиндер	662	Fletchinder	2025-06-07	2026-03-25	5
Вивиллон	Вивийон	666	Vivillon	2023-03-12	2025-06-07	45
Пайрор	Пироар	668	Pyroar	2023-03-12	2025-06-07	45
Флорджес	Флоржес	671	Florges	2023-03-12	2025-06-07	45
Гогоат	Гогоут	673	Gogoat	2023-03-12	2025-06-07	45
Фурфу	Фурфру	676	Furfrou	2025-06-07	2026-03-25	5
Даблейд	Дублейд	680	Doublade	2023-03-12	2025-06-07	45
Иджислэш	Иджислаш	681	Aegislash	2023-03-12	2023-03-18	13
Аегислэш	Иджислаш	681	Aegislash	2023-05-15	2025-06-07	32
Слурпафф	Слёрпафф	685	Slurpuff	2023-03-12	2025-06-07	45
Барбаракл	Барберакл	689	Barbaracle	2023-03-12	2025-06-07	45
Дрегалдж	Драгалджи	691	Dragalge	2023-03-12	2025-06-07	45
Драгалдж	Драгалджи	691	Dragalge	2025-06-07	2026-03-25	5
Тайрантрум	Тайрантрам	697	Tyrantrum	2023-03-12	2025-06-07	45
Авророс	Аврорус	699	Aurorus	2023-03-12	2025-06-07	45
Хаулуча	Хавлуча	701	Hawlucha	2023-03-12	2025-06-07	45
Горгайст	Гургайст	711	Gourgeist	2023-03-12	2025-06-07	45
Авалугг	Авалагг	713	Avalugg	2023-03-12	2025-06-07	45
Волканион	Вулканион	721	Volcanion	2023-03-12	2025-06-07	45
Роулет	Раулет	722	Rowlet	2023-03-12	2025-06-07	45
Торрокат	Торракат	726	Torracat	2023-03-12	2025-06-07	45
Бриан	Брионн	729	Brionne	2025-06-07	2026-03-25	5
Туканон	Туканнон	733	Toucannon	2023-03-12	2025-06-07	45
Викавольт	Викаволт	738	Vikavolt	2023-03-12	2025-06-07	45
Краброулер	Крабролер	739	Crabrawler	2023-03-12	2025-06-07	45
Крабоминэйбл	Крабаминабл	740	Crabominable	2023-03-12	2025-06-07	45
Мадсбрей	Мадбрей	749	Mudbray	2023-03-12	2025-06-07	45
Мадсдейл	Мадсдэйл	750	Mudsdale	2023-03-12	2025-06-07	45
Дюпайдер	Дупайдер	751	Dewpider	2023-03-12	2025-06-07	45
Шинотик	Шинатик	756	Shiinotic	2023-03-12	2025-06-07	45
Силвалл	Силвалли	773	Silvally	2023-03-12	2025-06-07	44
Туртонатор	Тартонэйтор	776	Turtonator	2023-03-12	2025-06-07	45
Нихилего	Нигилего	793	Nihilego	2023-03-12	2025-06-07	45
Зюркиртри	Заркитри	796	Xurkitree	2023-03-12	2025-06-07	45
Целестила	Селестила	797	Celesteela	2023-03-12	2025-06-07	45
Гриддинт	Гридент	820	Greedent	2023-03-12	2025-06-07	45
Корвискар	Корвисквайр	822	Corvisquire	2023-03-12	2025-03-15	33
Тайвал	Тивул	828	Thievul	2023-03-12	2025-06-07	45
Чувтл	Чутл	833	Chewtle	2023-03-12	2025-06-07	45
Дредно	Дрэдно	834	Drednaw	2023-05-15	2025-06-07	32
Болтант	Болтанд	836	Boltund	2023-03-12	2025-03-15	33
Коаллоссал	Коалоссал	839	Coalossal	2023-03-12	2025-06-07	45
Эпплин	Апплин	840	Applin	2023-03-12	2025-06-07	45
Флэппл	Флаппл	841	Flapple	2023-03-12	2025-06-07	45
Эпплтан	Апплтун	842	Appletun	2023-03-12	2025-06-07	45
Бараскуда	Барраскюда	847	Barraskewda	2023-03-12	2023-03-18	13
Барраскуда	Барраскюда	847	Barraskewda	2023-05-15	2025-06-07	32
Сиззлипид	Сиззлипед	850	Sizzlipede	2023-03-12	2025-06-07	45
Клoббoпус	Клоббопус	852	Clobbopus	2023-03-12	2025-06-07	45
Хаттерен	Хаттерин	858	Hatterene	2023-03-12	2025-06-07	45
Персерккер	Перрсеркер	863	Perrserker	2023-03-12	2025-03-15	33
Персеркер	Перрсеркер	863	Perrserker	2025-03-18	2025-06-07	12
Сирфетч'д	Сирфетчд	865	Sirfetch'd	2023-03-12	2025-06-07	45
Пинкёрчин	Пинкурчин	871	Pincurchin	2023-03-12	2025-06-07	45
Стонроджер	Стонджорнер	874	Stonjourner	2023-03-12	2025-06-07	45
Эйскью	Айскью	875	Eiscue	2023-03-12	2025-06-07	45
Кафант	Куфант	878	Cufant	2023-03-12	2025-06-07	45
Зашиан	Зэйшиан	888	Zacian	2023-03-12	2023-03-18	13
Зациан	Зэйшиан	888	Zacian	2023-05-15	2025-06-07	32
Замазента	Земазента	889	Zamazenta	2023-03-12	2025-06-07	45
Реджиэлеки	Реджилеки	894	Regieleki	2023-03-12	2025-06-07	45
Гластриер	Гластрир	896	Glastrier	2023-03-12	2025-06-07	45
Спектриер	Спектрир	897	Spectrier	2023-03-12	2025-06-07	45
Спригатио	Спригатито	906	Sprigatito	2023-03-12	2023-03-16	7
Фуекуко	Фуэкоко	909	Fuecoco	2023-03-12	2023-03-17	8
Скеледурдж	Скеледирж	911	Skeledirge	2023-06-14	2025-06-07	31
Кваксли	Куаксли	912	Quaxly	2023-03-12	2025-06-07	45
Кваксуэлл	Куаксвелл	913	Quaxwell	2023-06-14	2025-06-07	31
Кваквавал	Куаквавал	914	Quaquaval	2023-06-14	2025-06-07	31
Оинколон	Ойнколон	916	Oinkologne	2023-06-14	2025-01-29	16
Тарунтула	Тараунтула	917	Tarountula	2023-06-14	2025-06-07	31
Пами	Поми	921	Pawmi	2023-06-14	2025-06-07	31
Памо	Помо	922	Pawmo	2023-06-14	2025-06-07	31
Памот	Помот	923	Pawmot	2023-06-14	2025-06-07	31
Масчиф	Масчифф	942	Maschiff	2023-06-14	2025-01-29	15
Мабостиф	Мабосстифф	943	Mabosstiff	2023-06-14	2025-06-07	30
Тодскруэль	Тодскрул	949	Toedscruel	2023-06-14	2025-06-07	30
Клауф	Клоф	950	Klawf	2023-06-14	2025-01-29	15
Сковиллан	Сковиллен	952	Scovillain	2023-06-14	2025-01-29	15
Виглет	Виглетт	960	Wiglett	2023-06-14	2025-01-29	16
Бомбёрдир	Бомбердир	962	Bombirdier	2023-06-14	2025-06-07	31
Циклизар	Сайклизар	967	Cyclizar	2023-06-14	2025-06-07	31
Глимет	Глиммет	969	Glimmet	2023-06-14	2025-06-07	31
Глимора	Глиммора	970	Glimmora	2023-06-14	2025-06-07	31
Гривард	Гриверд	971	Greavard	2023-06-14	2025-06-07	31
Цетоддл	Сетоддл	974	Cetoddle	2023-06-14	2025-06-07	31
Цетитан	Сетайтан	975	Cetitan	2023-06-14	2025-06-07	31
Аннигилап	Аннаялейп	979	Annihilape	2023-06-14	2023-06-14	1
Аннигилейп	Аннаялейп	979	Annihilape	2023-06-14	2025-06-07	30
Фаригираф	Фарижираф	981	Farigiraf	2023-06-14	2025-01-29	16
Жестокая Шляпа	Свирепый Гриб	986	Brute Bonnet	2023-06-14	2025-01-29	13
Порхающая Грива	Волнистая Грива	987	Flutter Mane	2023-06-14	2025-01-29	13
Скользкое Крыло	Ползущее Крыло	988	Slither Wing	2023-06-14	2025-01-29	13
Песчаный Шок	Магнитные Вихры	989	Sandy Shocks	2023-06-14	2025-01-29	13
Железная Сумка	Железный Мешок	991	Iron Bundle	2023-06-14	2025-06-07	28
Железное Горло	Железные Головы	993	Iron Jugulis	2023-06-14	2025-06-07	28
Железная Моль	Железный Мотылёк	994	Iron Moth	2023-06-14	2025-02-27	14
Фригибакс	Фриджибакс	996	Frigibax	2023-06-14	2025-01-29	16
Гимигул	Гиммигул	999	Gimmighoul	2023-06-14	2024-12-26	14
Во-Чьен	Во-Чиен	1001	Wo-Chien	2023-06-14	2025-06-07	31
Чьен-Пао	Чиен-Пао	1002	Chien-Pao	2023-06-14	2025-06-07	31
Ревущая Луна	Ревущий Месяц	1005	Roaring Moon	2023-06-14	2025-01-29	13
Рычащая Луна	Ревущий Месяц	1005	Roaring Moon	2025-02-27	2025-06-07	15
Железная Доблесть	Железный Воин	1006	Iron Valiant	2023-06-14	2025-01-29	13
Железные Листья	Железная Листва	1010	Iron Leaves	2023-06-14	2024-12-26	11
Полчегейст	Полчагейст	1012	Poltchageist	2024-08-11	2026-03-25	25
Архалудон	Архалюдон	1018	Archaludon	2024-08-11	2026-03-25	25
Гидрэпл	Гидраппл	1019	Hydrapple	2024-08-11	2026-03-25	25
Выжигающий Огонь	Пронзающее Пламя	1020	Gouging Fire	2024-08-11	2026-03-25	25
Яростный Болт	Яростная Молния	1021	Raging Bolt	2024-08-11	2026-03-25	25
Железная Валун	Железный Валун	1022	Iron Boulder	2024-08-11	2024-12-26	3
Железная Корона	Железный Вождь	1023	Iron Crown	2024-08-11	2026-03-25	25
Ґеква	Геква	1032	Gecqua	2026-03-25	2026-03-25	1
